Date,Adj Close,Close,High,Low,Open,Volume
2022-01-03,144.55508422851562,145.07449340820312,145.5500030517578,143.50250244140625,144.47549438476562,25214000
2022-01-04,143.8994598388672,144.41650390625,146.61000061035156,143.81614685058594,145.55050659179688,22928000
2022-01-05,137.16067504882812,137.65350341796875,144.29800415039062,137.52349853515625,144.18099975585938,49642000
2022-01-06,137.0585479736328,137.55099487304688,139.68600463867188,136.7635040283203,137.49749755859375,29050000
2022-01-07,136.5139923095703,137.00450134277344,138.25474548339844,135.78900146484375,137.90499877929688,19408000
2022-01-10,138.077880859375,138.57400512695312,138.63999938964844,133.1405029296875,135.0989990234375,34096000
2022-01-11,139.51620483398438,140.0175018310547,140.32949829101562,136.81350708007812,138.1804962158203,23502000
2022-01-12,141.14085388183594,141.6479949951172,142.8142547607422,141.11199951171875,141.55450439453125,23642000
2022-01-13,138.6328887939453,139.13099670410156,143.1855010986328,138.91400146484375,141.8404998779297,26566000
2022-01-14,139.28602600097656,139.7864990234375,141.20050048828125,137.5,137.5,23826000
2022-01-18,135.8025360107422,136.29049682617188,137.39149475097656,135.61700439453125,136.60000610351562,27382000
2022-01-19,135.16632080078125,135.65199279785156,138.39950561523438,135.5,136.93850708007812,20796000
2022-01-20,133.0285186767578,133.50650024414062,137.91200256347656,133.14450073242188,136.51400756835938,21930000
2022-01-21,129.62623596191406,130.0919952392578,134.760498046875,130.00100708007812,133.01199340820312,41920000
2022-01-24,129.9052276611328,130.3719940185547,130.77850341796875,124.64195251464844,126.02749633789062,55148000
2022-01-25,126.28175354003906,126.7354965209961,129.3385009765625,126.37799835205078,128.4355010986328,36008000
2022-01-26,128.7772979736328,129.24000549316406,132.8074951171875,127.15350341796875,130.59249877929688,39630000
2022-01-27,128.65870666503906,129.12100219726562,132.60995483398438,128.94500732421875,131.36099243164062,30248000
2022-01-28,132.81228637695312,133.2895050048828,133.37049865722656,128.6945037841797,130.0,30518000
2022-01-31,135.21267700195312,135.69850158691406,135.843505859375,132.2740020751953,134.197998046875,34056000
2022-02-01,137.3848419189453,137.8784942626953,138.1999969482422,134.56825256347656,137.8350067138672,51204000
2022-02-02,147.50648498535156,148.0364990234375,152.10000610351562,145.5574951171875,151.86349487304688,89750000
2022-02-03,142.13978576660156,142.65049743652344,149.11770629882812,142.2050018310547,145.2949981689453,56930000
2022-02-04,142.50396728515625,143.01600646972656,144.53524780273438,139.8175048828125,143.01699829101562,49224000
2022-02-07,138.44056701660156,138.93800354003906,143.84649658203125,138.69900512695312,143.70899963378906,44610000
2022-02-08,138.714599609375,139.21299743652344,139.83709716796875,136.8730010986328,138.9912567138672,34256000
2022-02-09,140.9465789794922,141.4530029296875,142.17550659179688,140.3769989013672,140.84974670410156,28628000
2022-02-10,138.10626220703125,138.6024932861328,141.43099975585938,138.0500030517578,139.5,33018000
2022-02-11,133.6497802734375,134.1300048828125,139.2832489013672,133.2884979248047,138.75,38808000
2022-02-14,134.81558227539062,135.3000030517578,136.16650390625,133.302001953125,133.36549377441406,26792000
2022-02-15,135.9370574951172,136.42550659179688,137.89999389648438,135.5395050048828,137.47149658203125,26578000
2022-02-16,136.99525451660156,137.4875030517578,137.9459991455078,134.8236541748047,136.4304962158203,25610000
2022-02-17,131.83480834960938,132.30850219726562,136.83949279785156,132.20199584960938,136.14999389648438,30968000
2022-02-18,130.00038146972656,130.46749877929688,133.82400512695312,130.3070526123047,133.03750610351562,31858000
2022-02-22,128.939208984375,129.40249633789062,131.9007568359375,127.74099731445312,129.98500061035156,38906000
2022-02-23,127.12821197509766,127.58499908447266,131.74899291992188,127.50350189208984,131.07850646972656,26432000
2022-02-24,132.198486328125,132.67349243164062,133.03700256347656,124.7645034790039,125.0,43166000
2022-02-25,134.03787231445312,134.51950073242188,135.38900756835938,131.76499938964844,133.52549743652344,26236000
2022-02-28,134.4080810546875,134.89100646972656,135.6405029296875,132.82525634765625,133.2845001220703,29676000
2022-03-01,133.68765258789062,134.16799926757812,136.11099243164062,133.3784942626953,134.47999572753906,24640000
2022-03-02,134.26905822753906,134.75149536132812,135.61549377441406,133.4324951171875,134.60824584960938,23966000
2022-03-03,133.8271484375,134.30799865722656,136.71380615234375,133.43099975585938,135.97850036621094,19780000
2022-03-04,131.6489715576172,132.1219940185547,134.19900512695312,130.4084930419922,133.38250732421875,24446000
2022-03-07,126.01172637939453,126.4645004272461,131.9040069580078,126.41000366210938,131.9040069580078,39178000
2022-03-08,126.82280731201172,127.27850341796875,131.2465057373047,125.86074829101562,126.25050354003906,35250000
2022-03-09,133.38673400878906,133.86599731445312,134.19850158691406,130.08799743652344,131.39999389648438,32258000
2022-03-10,132.20697021484375,132.6820068359375,133.5384979248047,131.4010009765625,131.46249389648438,24266000
2022-03-11,130.00836181640625,130.47549438476562,134.1999969482422,130.29649353027344,133.99949645996094,26600000
2022-03-14,126.28723907470703,126.74099731445312,131.0260009765625,126.41300201416016,130.572998046875,30254000
2022-03-15,129.1962890625,129.66050720214844,130.51724243164062,126.56800079345703,127.74150085449219,30292000
2022-03-16,133.2118682861328,133.6905059814453,133.77099609375,129.2010040283203,131.0,32058000
2022-03-17,134.11859130859375,134.60049438476562,134.739501953125,132.718994140625,133.3209991455078,23994000
2022-03-18,136.31170654296875,136.80149841308594,136.9134979248047,132.9320068359375,133.88400268554688,45900000
2022-03-21,135.9898681640625,136.47850036621094,137.58250427246094,134.6114959716797,136.84750366210938,26632000
2022-03-22,139.7752685546875,140.27749633789062,141.5,136.5,136.5,29776000
2022-03-23,138.00762939453125,138.5034942626953,140.02499389648438,138.16650390625,139.1385040283203,25302000
2022-03-24,140.80606079101562,141.31199645996094,141.39649963378906,138.03939819335938,139.2725067138672,20544000
2022-03-25,141.01483154296875,141.52149963378906,141.95950317382812,139.69949340820312,141.75399780273438,19270000
2022-03-28,141.44178771972656,141.9499969482422,141.97650146484375,139.82815551757812,140.6844940185547,23774000
2022-03-29,142.7371368408203,143.25,144.16250610351562,142.48399353027344,143.16050720214844,28678000
2022-03-30,142.1337890625,142.64450073242188,143.48049926757812,142.16799926757812,142.8699951171875,21046000
2022-03-31,139.14952087402344,139.64950561523438,142.64450073242188,139.61900329589844,142.44850158691406,29516000
2022-04-01,140.19625854492188,140.6999969482422,140.9499969482422,138.7969970703125,140.00999450683594,23480000
2022-04-04,143.1282196044922,143.6425018310547,144.0437469482422,140.82449340820312,140.82449340820312,19076000
2022-04-05,140.55796813964844,141.06300354003906,143.58999633789062,140.94349670410156,143.39950561523438,19256000
2022-04-06,136.6848602294922,137.17599487304688,139.84849548339844,136.41810607910156,139.1614990234375,23574000
2022-04-07,135.97640991210938,136.46499633789062,137.70150756835938,134.8572540283203,136.6179962158203,19448000
2022-04-08,133.53070068359375,134.010498046875,136.25,133.75250244140625,136.25,16434000
2022-04-11,129.331787109375,129.79649353027344,132.93919372558594,129.61749267578125,132.89999389648438,24188000
2022-04-12,127.91487884521484,128.37449645996094,132.42349243164062,127.57599639892578,132.42349243164062,23004000
2022-04-13,129.81954956054688,130.28599548339844,130.65574645996094,128.4385986328125,128.62649536132812,19542000
2022-04-14,126.79740142822266,127.25299835205078,130.7102508544922,127.11150360107422,130.64950561523438,23484000
2022-04-18,127.50286865234375,127.96099853515625,128.71200561523438,126.57845306396484,127.41000366210938,14918000
2022-04-19,130.0636749267578,130.531005859375,130.90374755859375,127.45149993896484,128.07699584960938,22720000
2022-04-20,127.7863540649414,128.24549865722656,131.92349243164062,127.89405059814453,131.28399658203125,22610000
2022-04-21,124.49018859863281,124.9375,130.3074951171875,124.6500015258789,129.35000610351562,30158000
2022-04-22,119.18574523925781,119.61399841308594,125.4520034790039,119.1405029296875,125.0,46410000
2022-04-25,122.8087387084961,123.25,123.27799987792969,118.76924896240234,119.42949676513672,34522000
2022-04-26,119.07813262939453,119.50599670410156,122.75,119.16184997558594,122.75,49394000
2022-04-27,114.60870361328125,115.02050018310547,117.5,113.12425231933594,114.37300109863281,62238000
2022-04-28,118.98397827148438,119.4114990234375,120.4384994506836,115.1438980102539,117.11499786376953,36790000
2022-04-29,114.55489349365234,114.96649932861328,118.95999908447266,114.69400024414062,117.5780029296875,33694000
2022-05-02,116.73754119873047,117.15699768066406,117.3395004272461,113.39949798583984,113.90650177001953,30280000
2022-05-03,117.70657348632812,118.12950134277344,119.30000305175781,116.62699890136719,116.76499938964844,21216000
2022-05-04,122.13614654541016,122.57499694824219,123.14299774169922,115.7385025024414,118.00350189208984,33232000
2022-05-05,116.32852172851562,116.74649810791016,121.2332534790039,115.18250274658203,120.22049713134766,43090000
2022-05-06,115.24591064453125,115.66000366210938,117.49849700927734,114.14299774169922,115.51899719238281,35310000
2022-05-09,112.67913055419922,113.08399963378906,115.56289672851562,112.55149841308594,113.30349731445312,34520000
2022-05-10,114.17426300048828,114.58450317382812,116.69100189208984,113.38330078125,116.04049682617188,31158000
2022-05-11,113.55299377441406,113.96099853515625,116.6709976196289,113.6500015258789,113.71050262451172,36502000
2022-05-12,112.755859375,113.16100311279297,114.85649871826172,110.1135025024414,111.93800354003906,41464000
2022-05-13,116.09835052490234,116.5155029296875,118.08499908447266,114.0,114.84549713134766,29738000
2022-05-16,114.38151550292969,114.7925033569336,116.60749816894531,114.33499908447266,115.38400268554688,23282000
2022-05-17,116.28368377685547,116.70149993896484,117.22750091552734,115.3375015258789,117.22750091552734,21576000
2022-05-18,111.99858093261719,112.4010009765625,115.69564819335938,112.14199829101562,115.23750305175781,27982000
2022-05-19,110.34900665283203,110.74549865722656,113.5875015258789,110.46800231933594,111.84100341796875,29192000
2022-05-20,108.921630859375,109.31300354003906,112.55000305175781,106.37300109863281,112.08550262451172,37586000
2022-05-23,111.2667007446289,111.66649627685547,112.00550079345703,109.15425109863281,110.10399627685547,31558000
2022-05-24,105.54676055908203,105.9260025024414,106.3949966430664,102.20800018310547,106.37750244140625,60386000
2022-05-25,105.4605712890625,105.8395004272461,106.5447006225586,104.21125030517578,105.14199829101562,37900000
2022-05-26,107.90827178955078,108.2959976196289,108.95525360107422,105.48799896240234,106.05049896240234,30288000
2022-05-27,112.39515686035156,112.79900360107422,112.86799621582031,109.55000305175781,109.78849792480469,29924000
2022-05-31,113.6307144165039,114.03900146484375,116.43350219726562,112.57250213623047,113.0790023803711,51302000
2022-06-01,113.72836303710938,114.13700103759766,117.39900207519531,113.55049896240234,114.93150329589844,28630000
2022-06-02,117.32444763183594,117.74600219726562,117.89800262451172,113.30799865722656,114.18800354003906,27472000
2022-06-03,114.15383911132812,114.56400299072266,116.364501953125,113.66799926757812,115.99250030517578,25052000
2022-06-06,116.5915756225586,117.010498046875,119.39849853515625,116.5282974243164,116.74250030517578,23786000
2022-06-07,116.8097915649414,117.22949981689453,117.74864959716797,115.12550354003906,115.64800262451172,26414000
2022-06-08,116.81825256347656,117.23799896240234,118.64600372314453,116.69674682617188,116.87650299072266,22544000
2022-06-09,114.5065689086914,114.91799926757812,118.3499984741211,114.86699676513672,116.34149932861328,23142000
2022-06-10,111.02855682373047,111.42749786376953,113.49700164794922,110.86100006103516,112.78125,31324000
2022-06-13,106.49385833740234,106.87650299072266,109.21849822998047,106.58805084228516,107.44599914550781,36756000
2022-06-14,106.81021881103516,107.19400024414062,108.4574966430664,106.35199737548828,106.88999938964844,25480000
2022-06-15,109.99528503417969,110.3905029296875,112.06300354003906,108.1187515258789,108.89949798583984,33192000
2022-06-16,106.25421905517578,106.63600158691406,109.29049682617188,105.7925033569336,108.14949798583984,35314000
2022-06-17,107.47932434082031,107.8655014038086,109.24949645996094,105.62854766845703,106.53500366210938,43516000
2022-06-21,111.61396026611328,112.01499938964844,112.6729965209961,109.29350280761719,109.7020034790039,39010000
2022-06-22,111.63288879394531,112.03399658203125,113.76950073242188,110.72429656982422,111.16300201416016,23922000
2022-06-23,112.28106689453125,112.68450164794922,113.19650268554688,111.02899932861328,112.94999694824219,24710000
2022-06-24,118.11361694335938,118.53800201416016,118.63749694824219,113.60299682617188,113.60299682617188,39122000
2022-06-27,116.2049560546875,116.62249755859375,119.25,116.00074768066406,118.93499755859375,32840000
2022-06-28,112.1684799194336,112.57150268554688,117.85649871826172,112.44400024414062,116.35099792480469,28232000
2022-06-29,111.85459899902344,112.25650024414062,113.66449737548828,111.55400085449219,112.14849853515625,18628000
2022-06-30,108.98091888427734,109.37249755859375,111.32980346679688,107.30999755859375,110.49949645996094,38046000
2022-07-01,108.69046783447266,109.08100128173828,109.80635070800781,107.1050033569336,108.33699798583984,31028000
2022-07-05,113.47926330566406,113.88700103759766,114.05259704589844,106.24949645996094,107.5145034790039,36398000
2022-07-06,114.80101013183594,115.2135009765625,116.35199737548828,112.25050354003906,114.09200286865234,28852000
2022-07-07,118.87885284423828,119.30599975585938,119.86199951171875,115.53399658203125,116.00800323486328,32184000
2022-07-08,119.73827362060547,120.16850280761719,120.43499755859375,117.51399993896484,117.55000305175781,29082000
2022-07-11,116.1053237915039,116.52249908447266,118.79450225830078,116.2344970703125,118.6500015258789,26718000
2022-07-12,114.43830871582031,114.84950256347656,117.84950256347656,114.61499786376953,116.8385009765625,24970000
2022-07-13,111.78534698486328,112.18699645996094,115.15699768066406,111.822998046875,112.63899993896484,38958000
2022-07-14,111.041015625,111.44000244140625,111.98750305175781,109.32550048828125,110.82599639892578,32366000
2022-07-15,112.36326599121094,112.76699829101562,114.00050354003906,111.82250213623047,112.96299743652344,34330000
2022-07-18,109.5165023803711,109.91000366210938,114.80000305175781,109.30000305175781,113.44000244140625,33354000
2022-07-19,114.20963287353516,114.62000274658203,114.80999755859375,110.5,111.7300033569336,30992300
2022-07-20,114.28933715820312,114.69999694824219,116.33000183105469,113.26000213623047,114.05999755859375,26780100
2022-07-21,114.62813568115234,115.04000091552734,115.20999908447266,111.91000366210938,115.08999633789062,27267800
2022-07-22,107.9720458984375,108.36000061035156,113.18000030517578,107.5999984741211,111.80999755859375,44455300
2022-07-25,107.82257843017578,108.20999908447266,110.58000183105469,107.01000213623047,108.87999725341797,28289900
2022-07-26,105.0625,105.44000244140625,107.73999786376953,104.76000213623047,107.43000030517578,36626600
2022-07-27,113.19328308105469,113.5999984741211,114.4000015258789,108.41999816894531,109.5999984741211,41474600
2022-07-28,114.17974090576172,114.58999633789062,114.69999694824219,111.85099792480469,112.80000305175781,23303800
2022-07-29,116.22239685058594,116.63999938964844,116.9000015258789,113.2300033569336,113.4000015258789,31336200
2022-08-01,115.06655883789062,115.4800033569336,117.12000274658203,114.69000244140625,115.52999877929688,22856200
2022-08-02,115.48505401611328,115.9000015258789,117.08000183105469,114.26000213623047,114.43000030517578,17911000
2022-08-03,118.35474395751953,118.77999877929688,119.41999816894531,116.1500015258789,116.33999633789062,25302800
2022-08-04,118.44441223144531,118.87000274658203,119.5,117.70999908447266,118.30000305175781,15757700
2022-08-05,117.79674530029297,118.22000122070312,118.86000061035156,116.70999908447266,116.93000030517578,15615700
2022-08-08,117.71703338623047,118.13999938964844,120.86000061035156,117.83000183105469,119.12000274658203,17061100
2022-08-09,117.07931518554688,117.5,118.19999694824219,116.55999755859375,117.98999786376953,15424300
2022-08-10,120.21804809570312,120.6500015258789,121.77999877929688,119.36000061035156,119.58999633789062,20497000
2022-08-11,119.39102172851562,119.81999969482422,122.33999633789062,119.55000305175781,122.08000183105469,16671600
2022-08-12,122.21088409423828,122.6500015258789,122.6500015258789,120.4000015258789,121.16000366210938,16121100
2022-08-15,122.44005584716797,122.87999725341797,123.26000213623047,121.56999969482422,122.20999908447266,15525000
2022-08-16,122.0713882446289,122.51000213623047,123.22799682617188,121.53500366210938,122.31999969482422,15626200
2022-08-17,119.88922882080078,120.31999969482422,122.1500015258789,120.19999694824219,120.93000030517578,17589200
2022-08-18,120.42729187011719,120.86000061035156,121.69000244140625,119.55000305175781,120.2300033569336,15652000
2022-08-19,117.69710540771484,118.12000274658203,120.0,117.66999816894531,119.87000274658203,20187000
2022-08-22,114.65802001953125,115.06999969482422,116.5,114.66999816894531,116.0999984741211,19316000
2022-08-23,114.35909271240234,114.7699966430664,115.93000030517578,114.30000305175781,114.31999969482422,14390700
2022-08-24,114.28933715820312,114.69999694824219,115.71700286865234,113.77999877929688,114.44999694824219,16051200
2022-08-25,117.27861022949219,117.69999694824219,117.77999877929688,115.05000305175781,115.1500015258789,14874700
2022-08-26,110.90151977539062,111.30000305175781,116.5999984741211,111.22000122070312,115.80999755859375,31698700
2022-08-29,109.94495391845703,110.33999633789062,111.95999908447266,109.80999755859375,110.77999877929688,20386100
2022-08-30,109.5165023803711,109.91000366210938,111.37000274658203,108.80000305175781,111.02999877929688,20548200
2022-08-31,108.75921630859375,109.1500015258789,111.7699966430664,109.05000305175781,111.62999725341797,25898000
2022-09-01,110.15421295166016,110.55000305175781,111.22000122070312,108.19000244140625,109.19999694824219,22784400
2022-09-02,108.2908935546875,108.68000030517578,111.67500305175781,108.12999725341797,111.33999633789062,20618100
2022-09-06,107.09519958496094,107.4800033569336,108.87999725341797,106.51000213623047,108.13500213623047,20565100
2022-09-07,110.08445739746094,110.4800033569336,110.98999786376953,107.61499786376953,107.76000213623047,22987200
2022-09-08,109.02825164794922,109.41999816894531,110.58000183105469,108.05999755859375,109.18000030517578,21660700
2022-09-09,111.37980651855469,111.77999877929688,112.0,110.0,110.05000305175781,21732900
2022-09-12,111.469482421875,111.87000274658203,112.63999938964844,110.93000030517578,111.98999786376953,19732900
2022-09-13,104.93295288085938,105.30999755859375,109.37000274658203,105.0,108.88999938964844,33015000
2022-09-14,105.490966796875,105.87000274658203,106.0999984741211,104.5,105.44000244140625,22115800
2022-09-15,103.52801513671875,103.9000015258789,106.20999908447266,103.30999755859375,105.01000213623047,26494900
2022-09-16,103.25897979736328,103.62999725341797,104.02999877929688,101.8550033569336,102.97000122070312,64540100
2022-09-19,103.47819519042969,103.8499984741211,104.0199966430664,102.37000274658203,102.54000091552734,19738600
2022-09-20,101.46542358398438,101.83000183105469,103.16999816894531,101.12000274658203,102.87999725341797,24001700
2022-09-21,99.65194702148438,100.01000213623047,103.48999786376953,99.98999786376953,102.23999786376953,26596800
2022-09-22,100.2099380493164,100.56999969482422,101.68000030517578,99.41000366210938,99.44999694824219,21272700
2022-09-23,98.81494140625,99.16999816894531,100.11000061035156,98.01000213623047,100.05999755859375,25657000
2022-09-26,98.45623779296875,98.80999755859375,100.44000244140625,98.37999725341797,98.61000061035156,22437900
2022-09-27,97.73880767822266,98.08999633789062,100.45999908447266,97.33999633789062,99.91000366210938,24225000
2022-09-28,100.37932586669922,100.73999786376953,101.4000015258789,97.80000305175781,98.0199966430664,24617000
2022-09-29,97.73880767822266,98.08999633789062,99.30000305175781,96.5199966430664,99.30000305175781,21921500
2022-09-30,95.8057632446289,96.1500015258789,99.49400329589844,96.02999877929688,97.7300033569336,26277800
2022-10-03,98.94448852539062,99.30000305175781,99.97000122070312,97.0199966430664,97.22000122070312,24840000
2022-10-04,102.0433578491211,102.41000366210938,102.72000122070312,101.04000091552734,101.04000091552734,22580900
2022-10-05,101.8540267944336,102.22000122070312,102.73999786376953,99.73999786376953,100.69000244140625,18475500
2022-10-06,101.87395477294922,102.23999786376953,103.7300033569336,101.5,101.5,17156200
2022-10-07,99.21351623535156,99.56999969482422,101.41999816894531,99.20999908447266,100.6500015258789,24249900
2022-10-10,98.3565902709961,98.70999908447266,99.98999786376953,97.87000274658203,99.8499984741211,16529900
2022-10-11,97.69895935058594,98.05000305175781,100.12000274658203,97.25,98.25,21617700
2022-10-12,97.94806671142578,98.30000305175781,99.64800262451172,97.66999816894531,98.2699966430664,17343400
2022-10-13,99.35301208496094,99.70999908447266,100.52999877929688,95.2699966430664,95.93000030517578,32812200
2022-10-14,96.83207702636719,97.18000030517578,101.29000091552734,97.02999877929688,100.625,22624800
2022-10-17,100.41918182373047,100.77999877929688,101.7699966430664,99.51000213623047,99.5199966430664,23311600
2022-10-18,101.02699279785156,101.38999938964844,104.22000122070312,100.6500015258789,103.94000244140625,21610500
2022-10-19,99.9309310913086,100.29000091552734,101.65899658203125,99.63500213623047,100.69999694824219,21573700
2022-10-20,100.17008209228516,100.52999877929688,103.0,99.97000122070312,100.81999969482422,25125100
2022-10-21,101.11668395996094,101.4800033569336,101.62000274658203,98.2300033569336,98.45999908447266,28988700
2022-10-24,102.6013412475586,102.97000122070312,103.0999984741211,100.30000305175781,102.08999633789062,24680800
2022-10-25,104.55432891845703,104.93000030517578,105.0999984741211,103.0199966430664,103.30000305175781,29910200
2022-10-26,94.48052215576172,94.81999969482422,98.54000091552734,94.56999969482422,96.76000213623047,71504300
2022-10-27,92.26847076416016,92.5999984741211,95.16999816894531,91.9000015258789,94.30999755859375,54036500
2022-10-28,96.23422241210938,96.58000183105469,96.86000061035156,92.322998046875,92.52999877929688,35696900
2022-10-31,94.32109069824219,94.66000366210938,96.3499984741211,94.37999725341797,95.77999877929688,29868700
2022-11-01,90.17598724365234,90.5,96.16500091552734,90.43000030517578,95.58999633789062,43220600
2022-11-02,86.75827026367188,87.06999969482422,91.30000305175781,87.01000213623047,90.91000366210938,43553600
2022-11-03,83.19108581542969,83.48999786376953,86.55000305175781,83.44999694824219,86.34500122070312,48510400
2022-11-04,86.38958740234375,86.69999694824219,86.7300033569336,83.87999725341797,85.51000213623047,40173300
2022-11-07,88.3326187133789,88.6500015258789,88.94000244140625,86.95999908447266,87.33999633789062,26899900
2022-11-08,88.59168243408203,88.91000366210938,90.40499877929688,87.6500015258789,89.16000366210938,30172000
2022-11-09,87.08708953857422,87.4000015258789,89.48999786376953,87.36000061035156,88.54499816894531,26743900
2022-11-10,93.83284759521484,94.16999816894531,94.55000305175781,91.6500015258789,92.33999633789062,42371200
2022-11-11,96.3836898803711,96.7300033569336,97.36000061035156,94.16000366210938,94.70999908447266,30569100
2022-11-14,95.68618774414062,96.02999877929688,97.18000030517578,95.11299896240234,95.5,24170100
2022-11-15,98.36656188964844,98.72000122070312,100.41999816894531,97.0199966430664,98.66999816894531,31831000
2022-11-16,98.63558959960938,98.98999786376953,99.8499984741211,97.9020004272461,98.0199966430664,24660200
2022-11-17,98.14735412597656,98.5,99.4800033569336,97.0999984741211,97.18000030517578,21818700
2022-11-18,97.4498519897461,97.80000305175781,99.16000366210938,96.73999786376953,99.01000213623047,24969900
2022-11-21,95.48690795898438,95.83000183105469,98.72000122070312,95.66999816894531,97.55999755859375,18696900
2022-11-22,96.98153686523438,97.33000183105469,97.5479965209961,94.41000366210938,96.16000366210938,18868900
2022-11-23,98.46619415283203,98.81999969482422,99.06900024414062,97.33999633789062,97.33999633789062,17568900
2022-11-25,97.25056457519531,97.5999984741211,98.94000244140625,97.52999877929688,98.46499633789062,8567800
2022-11-28,95.90540313720703,96.25,97.83000183105469,95.88999938964844,97.19999694824219,19974500
2022-11-29,95.09830474853516,95.44000244140625,96.38999938964844,94.38999938964844,96.0,20220000
2022-11-30,101.08678436279297,101.44999694824219,101.44999694824219,94.66999816894531,95.12000274658203,39888100
2022-12-01,100.91739654541016,101.27999877929688,102.58999633789062,100.66999816894531,101.4000015258789,21771500
2022-12-02,100.46900177001953,100.83000183105469,101.1500015258789,99.16999816894531,99.37000274658203,18821500
2022-12-05,99.512451171875,99.87000274658203,101.75,99.3550033569336,99.81500244140625,19955500
2022-12-06,96.96160125732422,97.30999755859375,100.20999908447266,96.76000213623047,99.66999816894531,20877600
2022-12-07,94.80934143066406,95.1500015258789,97.30999755859375,95.0250015258789,96.7699966430664,26647900
2022-12-08,93.61363983154297,93.94999694824219,95.87000274658203,93.80000305175781,95.69000244140625,25593200
2022-12-09,92.73678588867188,93.06999969482422,94.48999786376953,93.0199966430664,93.9000015258789,21885300
2022-12-12,93.22502899169922,93.55999755859375,93.875,91.9000015258789,93.08999633789062,27380900
2022-12-13,95.5068359375,95.8499984741211,99.80000305175781,95.37999725341797,98.06999969482422,34788500
2022-12-14,94.96876525878906,95.30999755859375,97.22000122070312,93.94000244140625,95.54000091552734,26452900
2022-12-15,90.87348175048828,91.19999694824219,94.02999877929688,90.43000030517578,93.54000091552734,28298800
2022-12-16,90.53469848632812,90.86000061035156,91.75,90.01000213623047,91.19999694824219,48485500
2022-12-19,88.83082580566406,89.1500015258789,91.19999694824219,88.92500305175781,90.87999725341797,23020500
2022-12-20,89.3091049194336,89.62999725341797,89.77999877929688,88.04000091552734,88.7300033569336,21976800
2022-12-21,89.9268798828125,90.25,90.91500091552734,88.91000366210938,89.7300033569336,20336400
2022-12-22,87.94401550292969,88.26000213623047,89.18000030517578,86.94000244140625,88.93000030517578,23656100
2022-12-23,89.48845672607422,89.80999755859375,90.0999984741211,87.62000274658203,87.62000274658203,17815000
2022-12-27,87.61519622802734,87.93000030517578,89.5,87.53500366210938,89.30999755859375,15470900
2022-12-28,86.15045166015625,86.45999908447266,88.5199966430664,86.37000274658203,87.5,17879600
2022-12-29,88.63153839111328,88.94999694824219,89.36499786376953,86.98999786376953,87.02999877929688,18280700
2022-12-30,88.4123306274414,88.7300033569336,88.83000183105469,87.02999877929688,87.36499786376953,19190300
2023-01-03,89.37884521484375,89.69999694824219,91.55000305175781,89.0199966430664,89.83000183105469,20738500
2023-01-04,88.39240264892578,88.70999908447266,91.23999786376953,87.80000305175781,91.01000213623047,27046500
2023-01-05,86.45934295654297,86.7699966430664,88.20999908447266,86.55999755859375,88.06999969482422,23136100
2023-01-06,87.84437561035156,88.16000366210938,88.47000122070312,85.56999969482422,87.36000061035156,26612600
2023-01-09,88.4820785522461,88.80000305175781,90.83000183105469,88.58000183105469,89.19499969482422,22996700
2023-01-10,88.92050170898438,89.23999786376953,89.4749984741211,86.69999694824219,86.72000122070312,22855600
2023-01-11,91.92969512939453,92.26000213623047,92.44999694824219,89.73999786376953,90.05999755859375,25998800
2023-01-12,91.58094787597656,91.91000366210938,92.62000274658203,90.56999969482422,92.4000015258789,22754200
2023-01-13,92.46775817871094,92.80000305175781,92.9800033569336,90.93000030517578,91.52799987792969,18630700
2023-01-17,91.8300552368164,92.16000366210938,92.97000122070312,90.83999633789062,92.77999877929688,22935800
2023-01-18,91.45140075683594,91.77999877929688,93.58799743652344,91.4000015258789,92.94000244140625,19641600
2023-01-19,93.57379150390625,93.91000366210938,94.4000015258789,91.37999725341797,91.38999938964844,28707700
2023-01-20,98.92455291748047,99.27999877929688,99.41999816894531,95.91000366210938,95.94999694824219,53704800
2023-01-23,100.84764099121094,101.20999908447266,101.4000015258789,98.75,99.12999725341797,31791800
2023-01-24,98.85479736328125,99.20999908447266,101.08999633789062,98.69999694824219,99.55000305175781,27391400
2023-01-25,96.3836898803711,96.7300033569336,97.72000122070312,95.26200103759766,97.19999694824219,31000900
2023-01-26,98.80499267578125,99.16000366210938,99.20999908447266,96.81999969482422,98.27999877929688,24542100
2023-01-27,100.34943389892578,100.70999908447266,101.58000183105469,98.97000122070312,99.05000305175781,29020400
2023-01-30,97.59931182861328,97.94999694824219,99.40899658203125,97.5199966430664,98.74500274658203,24365100
2023-01-31,99.512451171875,99.87000274658203,99.91000366210938,97.79000091552734,97.86000061035156,22306800
2023-02-01,101.06685638427734,101.43000030517578,102.19000244140625,98.41999816894531,99.73999786376953,26392600
2023-02-02,108.41046905517578,108.80000305175781,108.81999969482422,106.54000091552734,106.79000091552734,46622600
2023-02-03,104.84329223632812,105.22000122070312,108.0199966430664,103.30000305175781,103.51000213623047,36823400
2023-02-06,103.09955596923828,103.47000122070312,104.69999694824219,102.20999908447266,102.68499755859375,25573000
2023-02-07,107.6531982421875,108.04000091552734,108.66999816894531,103.5479965209961,103.62999725341797,33738800
2023-02-08,99.64197540283203,100.0,103.58000183105469,98.45500183105469,102.69000244140625,73546000
2023-02-09,95.11823272705078,95.45999908447266,100.61000061035156,93.86000061035156,100.54000091552734,97798600
2023-02-10,94.52037811279297,94.86000061035156,97.0199966430664,94.52999877929688,95.73999786376953,49325300
2023-02-13,94.65987396240234,95.0,95.3499984741211,94.05000305175781,95.01000213623047,43116600
2023-02-14,94.61006164550781,94.94999694824219,95.17500305175781,92.6500015258789,94.66000366210938,42513100
2023-02-15,96.75235748291016,97.0999984741211,97.33999633789062,94.36000061035156,94.73999786376953,36964500
2023-02-16,95.43708801269531,95.77999877929688,97.87999725341797,94.97000122070312,95.54000091552734,35642100
2023-02-17,94.2513427734375,94.58999633789062,95.75,93.44999694824219,95.06999969482422,31095100
2023-02-21,91.72044372558594,92.05000305175781,93.41500091552734,92.0,93.23999786376953,28367200
2023-02-22,91.4713363647461,91.80000305175781,92.36000061035156,90.87000274658203,91.93399810791016,29891100
2023-02-23,90.74394226074219,91.06999969482422,92.12999725341797,90.01000213623047,92.12999725341797,32423700
2023-02-24,89.03009796142578,89.3499984741211,90.12999725341797,88.86000061035156,89.62999725341797,31295600
2023-02-27,89.77742004394531,90.0999984741211,90.44999694824219,89.61000061035156,90.08999633789062,22724300
2023-02-28,89.9767074584961,90.30000305175781,91.44999694824219,89.5199966430664,89.54000091552734,30546900
2023-03-01,90.18595123291016,90.51000213623047,91.19999694824219,89.8499984741211,90.16000366210938,26323900
2023-03-02,91.97950744628906,92.30999755859375,92.4800033569336,89.7699966430664,89.86000061035156,23328600
2023-03-03,93.68338012695312,94.0199966430664,94.11000061035156,92.66000366210938,92.73999786376953,30242500
2023-03-06,95.23780059814453,95.58000183105469,96.30000305175781,94.30000305175781,94.36000061035156,28288200
2023-03-07,93.83284759521484,94.16999816894531,96.08999633789062,93.84400177001953,95.41999816894531,24101500
2023-03-08,94.3111343383789,94.6500015258789,96.23999786376953,94.40499877929688,94.40499877929688,25395200
2023-03-09,92.32826232910156,92.66000366210938,95.91999816894531,92.3550033569336,94.48999786376953,24438900
2023-03-10,90.68416595458984,91.01000213623047,93.18000030517578,90.80000305175781,92.5,32850100
2023-03-13,91.33184051513672,91.66000366210938,93.08000183105469,89.94000244140625,90.56500244140625,31508600
2023-03-14,93.91255950927734,94.25,94.83000183105469,92.77999877929688,93.06999969482422,32303900
2023-03-15,96.20433044433594,96.55000305175781,97.25,93.04000091552734,93.54000091552734,38367300
2023-03-16,100.70814514160156,101.06999969482422,101.97000122070312,95.87000274658203,96.56999969482422,54499500
2023-03-17,102.09317016601562,102.45999908447266,103.48999786376953,100.75,100.83999633789062,76140300
2023-03-20,101.5650634765625,101.93000030517578,102.58000183105469,100.79000091552734,101.05999755859375,26033900
2023-03-21,105.4610595703125,105.83999633789062,105.95999908447266,101.86000061035156,101.9800033569336,33122800
2023-03-22,103.84687042236328,104.22000122070312,107.51000213623047,104.20999908447266,105.13999938964844,32336900
2023-03-23,105.87957000732422,106.26000213623047,107.10099792480469,105.41000366210938,105.88999938964844,31385800
2023-03-24,105.6802749633789,106.05999755859375,106.16000366210938,104.73999786376953,105.73999786376953,25236200
2023-03-27,102.69102478027344,103.05999755859375,105.4000015258789,102.62999725341797,105.31999969482422,25393400
2023-03-28,100.99710845947266,101.36000061035156,103.0,100.27999877929688,103.0,24913500
2023-03-29,101.53517150878906,101.9000015258789,102.81999969482422,101.02999877929688,102.72000122070312,26148300
2023-03-30,100.9572525024414,101.31999969482422,101.61000061035156,100.29000091552734,101.44000244140625,25009800
2023-03-31,103.6276626586914,104.0,104.19000244140625,101.44000244140625,101.70999908447266,28108000
2023-04-03,104.5344009399414,104.91000366210938,104.94999694824219,102.37999725341797,102.66999816894531,20719900
2023-04-04,104.74365234375,105.12000274658203,106.0999984741211,104.5999984741211,104.83999633789062,20377200
2023-04-05,104.57424926757812,104.94999694824219,106.54000091552734,104.10199737548828,106.12000274658203,21864200
2023-04-06,108.51011657714844,108.9000015258789,109.62999725341797,104.81500244140625,105.7699966430664,34684200
2023-04-10,106.56708526611328,106.94999694824219,107.97000122070312,105.5999984741211,107.38999938964844,19741500
2023-04-11,105.74006652832031,106.12000274658203,107.22000122070312,105.27999877929688,106.91999816894531,18721300
2023-04-12,104.84329223632812,105.22000122070312,107.58699798583984,104.97000122070312,107.38999938964844,22761600
2023-04-13,107.80265808105469,108.19000244140625,108.26499938964844,106.44000244140625,106.47000122070312,21650700
2023-04-14,109.06810760498047,109.45999908447266,109.58000183105469,107.58999633789062,107.69000244140625,20758700
2023-04-17,106.03898620605469,106.41999816894531,106.70999908447266,105.31999969482422,105.43000030517578,29043400
2023-04-18,104.74365234375,105.12000274658203,107.05000305175781,104.77999877929688,107.0,17641400
2023-04-19,104.64399719238281,105.0199966430664,105.7249984741211,103.80000305175781,104.21499633789062,16732000
2023-04-20,105.52085876464844,105.9000015258789,106.88800048828125,104.63999938964844,104.6500015258789,22515300
2023-04-21,105.53082275390625,105.91000366210938,106.63999938964844,105.48500061035156,106.08999633789062,22379000
2023-04-24,106.39769744873047,106.77999877929688,107.31999969482422,105.36000061035156,106.05000305175781,21410900
2023-04-25,104.2354736328125,104.61000061035156,107.44000244140625,104.55999755859375,106.61000061035156,31408100
2023-04-26,104.07604217529297,104.44999694824219,107.0199966430664,103.2699966430664,105.55999755859375,37068200
2023-04-27,107.98201751708984,108.37000274658203,109.1500015258789,104.41999816894531,105.2300033569336,38235200
2023-04-28,107.83255004882812,108.22000122070312,108.29000091552734,106.04000091552734,107.80000305175781,23957900
2023-05-01,107.32437133789062,107.70999908447266,108.68000030517578,107.5,107.72000122070312,20926300
2023-05-02,105.60057067871094,105.9800033569336,107.7300033569336,104.5,107.66000366210938,20343100
2023-05-03,105.74006652832031,106.12000274658203,108.12999725341797,105.62000274658203,106.22000122070312,17116300
2023-05-04,104.83332061767578,105.20999908447266,106.30000305175781,104.69999694824219,106.16000366210938,19780600
2023-05-05,105.83472442626953,106.21499633789062,106.44000244140625,104.73899841308594,105.31999969482422,20705300
2023-05-08,107.85247039794922,108.23999786376953,108.41999816894531,105.79000091552734,105.79499816894531,17266000
2023-05-09,107.55355834960938,107.94000244140625,110.59500122070312,107.7249984741211,108.77999877929688,24782400
2023-05-10,111.87801361083984,112.27999877929688,113.51000213623047,108.4800033569336,108.55000305175781,47533500
2023-05-11,116.48147583007812,116.9000015258789,118.44000244140625,114.93000030517578,115.86000061035156,57115100
2023-05-12,117.49781799316406,117.91999816894531,118.26000213623047,116.55000305175781,117.0,31272500
2023-05-15,116.54125213623047,116.95999908447266,118.79499816894531,116.4800033569336,116.48999786376953,22107900
2023-05-16,119.66004943847656,120.08999633789062,121.19999694824219,116.83000183105469,116.83000183105469,32370100
2023-05-17,121.04507446289062,121.4800033569336,122.27999877929688,119.45999908447266,120.18000030517578,26659600
2023-05-18,123.0777587890625,123.5199966430664,123.9000015258789,121.48999786376953,121.55999755859375,27014500
2023-05-19,122.8087387084961,123.25,126.47899627685547,122.72000122070312,124.19999694824219,30251300
2023-05-22,125.41935729980469,125.87000274658203,127.05000305175781,123.44999694824219,123.51000213623047,29760200
2023-05-23,122.84859466552734,123.29000091552734,125.41999816894531,123.05000305175781,124.93000030517578,24477900
2023-05-24,121.20450592041016,121.63999938964844,122.75,120.75,121.87999725341797,23087900
2023-05-25,123.90479278564453,124.3499984741211,125.9800033569336,122.9000015258789,125.20999908447266,33812700
2023-05-26,124.98092651367188,125.43000030517578,126.0,123.29000091552734,124.06500244140625,25154700
2023-05-30,124.19375610351562,124.63999938964844,126.37999725341797,122.88999938964844,126.29000091552734,27230700
2023-05-31,122.92831420898438,123.37000274658203,124.9000015258789,123.0999984741211,123.69999694824219,41548800
2023-06-01,123.92472839355469,124.37000274658203,125.04000091552734,123.30000305175781,123.5,25017700
2023-06-02,124.78165435791016,125.2300033569336,126.74500274658203,124.3499984741211,124.48999786376953,19362400
2023-06-05,126.1766357421875,126.62999725341797,127.98999786376953,124.37999725341797,124.61000061035156,22672500
2023-06-06,127.45205688476562,127.91000366210938,128.8800048828125,125.97000122070312,126.5999984741211,19450100
2023-06-07,122.49984741210938,122.94000244140625,129.5500030517578,122.62999725341797,127.57499694824219,34179300
2023-06-08,122.23080444335938,122.66999816894531,123.7300033569336,122.01000213623047,122.58499908447266,24815000
2023-06-09,122.43009948730469,122.87000274658203,124.28500366210938,122.41999816894531,122.55999755859375,20304500
2023-06-12,123.90479278564453,124.3499984741211,124.75,122.3499984741211,123.3949966430664,22255700
2023-06-13,123.9845199584961,124.43000030517578,125.86000061035156,123.84500122070312,125.6500015258789,19287700
2023-06-14,123.93468475341797,124.37999725341797,124.79000091552734,122.16000366210938,123.80000305175781,24659600
2023-06-15,125.33963775634766,125.79000091552734,126.16000366210938,123.13999938964844,123.87999725341797,24517100
2023-06-16,123.61582946777344,124.05999755859375,126.69999694824219,123.79000091552734,126.69999694824219,56686800
2023-06-20,123.40657806396484,123.8499984741211,125.17500305175781,122.83000183105469,123.53500366210938,22698000
2023-06-21,120.82585906982422,121.26000213623047,123.41000366210938,120.86000061035156,123.23500061035156,22612000
2023-06-22,123.42652130126953,123.87000274658203,123.93499755859375,119.5999984741211,120.66000366210938,20781900
2023-06-23,122.57955169677734,123.0199966430664,123.44000244140625,121.86000061035156,122.04000091552734,29542900
2023-06-26,118.66362762451172,119.08999633789062,122.72000122070312,118.98999786376953,121.46600341796875,23185000
2023-06-27,118.58391571044922,119.01000213623047,119.8949966430664,116.91000366210938,117.83999633789062,27221700
2023-06-28,120.6465072631836,121.08000183105469,121.2699966430664,117.5999984741211,117.95999908447266,19753100
2023-06-29,119.58032989501953,120.01000213623047,120.91000366210938,119.20999908447266,120.08999633789062,18517500
2023-06-30,120.53689575195312,120.97000122070312,122.02999877929688,120.87999725341797,121.0999984741211,23865800
2023-07-03,120.12836456298828,120.55999755859375,121.0199966430664,119.70500183105469,120.31999969482422,13888300
2023-07-05,122.19094848632812,122.62999725341797,123.37000274658203,120.05999755859375,120.05999755859375,17830300
2023-07-06,120.49703979492188,120.93000030517578,121.1500015258789,119.25,120.63999938964844,17732500
2023-07-07,119.70986938476562,120.13999938964844,121.75,120.08999633789062,120.88999938964844,20982400
2023-07-10,116.45158386230469,116.87000274658203,119.06999969482422,116.63999938964844,119.06999969482422,32960100
2023-07-11,117.28856658935547,117.70999908447266,118.2249984741211,115.83000183105469,116.76000213623047,18286600
2023-07-12,119.19172668457031,119.62000274658203,120.95999908447266,119.0,119.30000305175781,22059600
2023-07-13,124.3830795288086,124.83000183105469,125.33499908447266,121.05999755859375,121.54000091552734,31535900
2023-07-14,125.24996185302734,125.69999694824219,127.08999633789062,124.9000015258789,125.12999725341797,20482800
2023-07-17,124.61225128173828,125.05999755859375,127.27999877929688,124.5,126.05999755859375,20675300
2023-07-18,123.6357650756836,124.08000183105469,124.98999786376953,123.30000305175781,124.90499877929688,21071200
2023-07-19,122.34042358398438,122.77999877929688,125.47000122070312,122.47000122070312,124.79000091552734,22313800
2023-07-20,119.10205841064453,119.52999877929688,124.69999694824219,118.68499755859375,122.12000274658203,27541700
2023-07-21,119.87926483154297,120.30999755859375,121.30000305175781,119.06999969482422,120.87000274658203,56498100
2023-07-24,121.44363403320312,121.87999725341797,123.3499984741211,121.37999725341797,121.9260025024414,22276100
2023-07-25,122.35038757324219,122.79000091552734,123.69000244140625,121.52999877929688,121.87999725341797,31820800
2023-07-26,129.19578552246094,129.66000366210938,131.3699951171875,128.7100067138672,130.36000061035156,46216900
2023-07-27,129.40504455566406,129.8699951171875,133.60000610351562,129.17999267578125,131.8000030517578,35931600
2023-07-28,132.53378295898438,133.00999450683594,134.07000732421875,130.9199981689453,130.97000122070312,26971000
2023-07-31,132.63343811035156,133.11000061035156,133.8300018310547,132.1300048828125,133.00999450683594,18381900
2023-08-01,131.4178009033203,131.88999938964844,132.9199981689453,130.75,130.85499572753906,22154300
2023-08-02,128.17942810058594,128.63999938964844,130.4199981689453,127.8499984741211,129.83999633789062,22705800
2023-08-03,128.30897521972656,128.77000427246094,129.77000427246094,127.7750015258789,128.3699951171875,15018100
2023-08-04,128.0797882080078,128.5399932861328,131.92999267578125,128.31500244140625,129.60000610351562,20509500
2023-08-07,131.46762084960938,131.94000244140625,132.05999755859375,129.42999267578125,129.50999450683594,17621000
2023-08-08,131.36798095703125,131.83999633789062,131.94000244140625,130.1300048828125,130.97999572753906,16836000
2023-08-09,129.6840362548828,130.14999389648438,132.47000122070312,129.5050048828125,132.19000244140625,17745200
2023-08-10,129.7438201904297,130.2100067138672,132.64700317382812,130.03500366210938,131.97000122070312,17855700
2023-08-11,129.70396423339844,130.1699981689453,130.44000244140625,128.75,129.20199584960938,15191500
2023-08-14,131.3580322265625,131.8300018310547,131.91000366210938,129.58999633789062,129.85000610351562,17526200
2023-08-15,129.80360412597656,130.27000427246094,131.99000549316406,129.81900024414062,131.58999633789062,14769200
2023-08-16,128.6477508544922,129.11000061035156,130.8979949951172,128.4600067138672,129.27999877929688,17548400
2023-08-17,129.99293518066406,130.4600067138672,132.49099731445312,129.85000610351562,130.4499969482422,23665600
2023-08-18,127.65133666992188,128.11000061035156,129.8300018310547,127.0,129.05999755859375,23619400
2023-08-21,128.46839904785156,128.92999267578125,129.25999450683594,127.16000366210938,127.8499984741211,21851100
2023-08-22,129.22567749023438,129.69000244140625,130.9499969482422,128.9250030517578,129.1300048828125,15569400
2023-08-23,132.7330780029297,133.2100067138672,134.07000732421875,130.50999450683594,130.85000610351562,26497000
2023-08-24,129.95306396484375,130.4199981689453,134.97000122070312,130.3000030517578,134.7270050048828,18680400
2023-08-25,130.22210693359375,130.69000244140625,131.39999389648438,128.0399932861328,130.13999938964844,20678100
2023-08-28,131.3181610107422,131.7899932861328,133.24000549316406,130.85000610351562,132.0800018310547,16715500
2023-08-29,135.00491333007812,135.49000549316406,137.2949981689453,132.97999572753906,132.9980010986328,30803300
2023-08-30,136.43975830078125,136.92999267578125,137.25,135.02099609375,135.57000732421875,21773400
2023-08-31,136.85826110839844,137.35000610351562,138.39999389648438,136.82000732421875,137.0500030517578,28147900
2023-09-01,136.31021118164062,136.8000030517578,138.5800018310547,135.94000244140625,138.42999267578125,16665700
2023-09-05,136.22055053710938,136.7100067138672,137.3699951171875,135.55999755859375,136.44000244140625,17730200
2023-09-06,134.8853302001953,135.3699951171875,137.47999572753906,134.69000244140625,137.01499938964844,15814300
2023-09-07,135.71237182617188,136.1999969482422,136.5800018310547,133.9600067138672,134.60000610351562,16976000
2023-09-08,136.70880126953125,137.1999969482422,137.51499938964844,135.8699951171875,135.8699951171875,17810700
2023-09-11,137.24685668945312,137.74000549316406,138.26400756835938,136.5500030517578,137.3800048828125,17180800
2023-09-12,135.5828399658203,136.07000732421875,137.63999938964844,135.92999267578125,137.1300048828125,15212900
2023-09-13,137.00770568847656,137.5,137.6999969482422,134.92999267578125,135.89999389648438,16394900
2023-09-14,138.4923858642578,138.99000549316406,139.5500030517578,137.05999755859375,138.38999938964844,19064600
2023-09-15,137.8048553466797,138.3000030517578,139.36000061035156,137.17999267578125,138.8000030517578,48947600
2023-09-18,138.46249389648438,138.9600067138672,139.92999267578125,137.6300048828125,137.6300048828125,16233600
2023-09-19,138.3329620361328,138.8300018310547,139.1750030517578,137.5,138.25,15479100
2023-09-20,134.10812377929688,134.58999633789062,138.83999633789062,134.52000427246094,138.8300018310547,21473500
2023-09-21,130.8896942138672,131.36000061035156,133.19000244140625,131.08999633789062,132.38999938964844,22042700
2023-09-22,130.7801055908203,131.25,133.00999450683594,130.50999450683594,131.67999267578125,17348700
2023-09-25,131.69679260253906,132.1699981689453,132.22000122070312,130.02999877929688,130.77000427246094,14650000
2023-09-26,128.98654174804688,129.4499969482422,131.40499877929688,128.19000244140625,130.91400146484375,20378800
2023-09-27,130.98934936523438,131.4600067138672,131.72000122070312,129.3800048828125,129.44000244140625,18764200
2023-09-28,132.6533660888672,133.1300048828125,134.17999267578125,130.69000244140625,130.69000244140625,18201400
2023-09-29,131.37794494628906,131.85000610351562,134.88999938964844,131.32000732421875,134.0800018310547,23224200
2023-10-02,134.68605041503906,135.1699981689453,135.36000061035156,132.06500244140625,132.15499877929688,19210400
2023-10-03,132.82275390625,133.3000030517578,135.24000549316406,132.81500244140625,134.92999267578125,19628700
2023-10-04,135.78213500976562,136.27000427246094,136.57000732421875,133.42999267578125,133.66000366210938,22848000
2023-10-05,135.5031280517578,135.99000549316406,136.5,134.4550018310547,136.1300048828125,15922900
2023-10-06,138.23330688476562,138.72999572753906,139.18600463867188,134.94000244140625,134.94000244140625,20819300
2023-10-09,139.00054931640625,139.5,139.97000122070312,136.6999969482422,137.99000549316406,16599100
2023-10-10,138.70164489746094,139.1999969482422,140.74000549316406,138.42999267578125,139.50999450683594,19554900
2023-10-11,141.1926727294922,141.6999969482422,142.22000122070312,139.83999633789062,139.85000610351562,20146300
2023-10-12,139.7877197265625,140.2899932861328,142.3800048828125,139.4499969482422,142.16000366210938,18173100
2023-10-13,138.08384704589844,138.5800018310547,141.33999633789062,137.97000122070312,140.64999389648438,19438700
2023-10-16,139.98703002929688,140.49000549316406,140.90499877929688,139.32000732421875,139.72999572753906,17345600
2023-10-17,140.4852294921875,140.99000549316406,141.25,138.5290069580078,140.02999877929688,17424000
2023-10-18,138.78135681152344,139.27999877929688,141.99000549316406,138.7050018310547,140.75,18304900
2023-10-19,138.482421875,138.97999572753906,141.0050048828125,138.60000610351562,139.8000030517578,21831200
2023-10-20,136.2504425048828,136.74000549316406,139.0399932861328,136.2449951171875,138.58999633789062,24953900
2023-10-23,137.4062957763672,137.89999389648438,139.02000427246094,135.11000061035156,136.22999572753906,20780700
2023-10-24,139.6183319091797,140.1199951171875,140.7100067138672,138.75,139.16000366210938,26535200
2023-10-25,126.21649169921875,126.66999816894531,130.10000610351562,126.08999633789062,129.77000427246094,58796100
2023-10-26,122.99805450439453,123.44000244140625,125.45999908447266,122.31999969482422,124.47000122070312,33907400
2023-10-27,122.95819854736328,123.4000015258789,124.44000244140625,121.45999908447266,124.02999877929688,37367700
2023-10-30,125.2997817993164,125.75,126.55000305175781,123.87999725341797,124.45999908447266,24165600
2023-10-31,124.85140228271484,125.30000305175781,126.55999755859375,123.92500305175781,126.2699966430664,21123400
2023-11-01,127.11326599121094,127.56999969482422,127.73999786376953,124.92500305175781,125.33999633789062,26536600
2023-11-02,128.11965942382812,128.5800018310547,130.08999633789062,128.11000061035156,129.55999755859375,24091700
2023-11-03,129.9032440185547,130.3699951171875,130.72999572753906,129.00999450683594,129.08999633789062,19517900
2023-11-06,130.97938537597656,131.4499969482422,131.55999755859375,129.92999267578125,130.22000122070312,15360400
2023-11-07,131.92596435546875,132.39999389648438,133.27999877929688,131.13999938964844,131.97999572753906,19223800
2023-11-08,132.78289794921875,133.25999450683594,133.5399932861328,132.16000366210938,132.36000061035156,15093600
2023-11-09,131.21852111816406,131.69000244140625,133.9600067138672,131.50999450683594,133.36000061035156,17976500
2023-11-10,133.5800323486328,134.05999755859375,134.27000427246094,130.8699951171875,131.52999877929688,20872900
2023-11-13,133.16152954101562,133.63999938964844,134.11000061035156,132.77000427246094,133.36000061035156,16409900
2023-11-14,134.94512939453125,135.42999267578125,137.24000549316406,135.10000610351562,135.64999389648438,22317300
2023-11-15,135.8917236328125,136.3800048828125,136.83999633789062,135.3300018310547,136.63999938964844,15840900
2023-11-16,138.20343017578125,138.6999969482422,138.8800048828125,136.0800018310547,136.9600067138672,17615100
2023-11-17,136.44972229003906,136.94000244140625,138.0,135.47999572753906,137.82000732421875,25565300
2023-11-20,137.42620849609375,137.9199981689453,138.4250030517578,135.49000549316406,135.5,19569400
2023-11-21,138.12371826171875,138.6199951171875,138.96499633789062,137.7050018310547,137.94000244140625,17648100
2023-11-22,139.51870727539062,140.02000427246094,141.10000610351562,139.0,139.10000610351562,17306400
2023-11-24,137.7251434326172,138.22000122070312,139.677001953125,137.47000122070312,139.5399932861328,8828600
2023-11-27,137.55575561523438,138.0500030517578,139.6300048828125,137.5399932861328,137.57000732421875,17886400
2023-11-28,138.12371826171875,138.6199951171875,138.66000366210938,137.0399932861328,137.6300048828125,17046900
2023-11-29,135.91165161132812,136.39999389648438,139.6699981689453,136.2949981689453,138.98500061035156,21014700
2023-11-30,133.44053649902344,133.9199981689453,136.9600067138672,132.7899932861328,136.39999389648438,29913500
2023-12-01,132.8426971435547,133.32000732421875,133.5,132.15199279785156,133.32000732421875,24258400
2023-12-04,130.1623077392578,130.6300048828125,131.4499969482422,129.39999389648438,131.29400634765625,24117100
2023-12-05,131.916015625,132.38999938964844,133.5399932861328,129.72999572753906,130.3699951171875,19235100
2023-12-06,130.9594268798828,131.42999267578125,133.30999755859375,131.30999755859375,132.89999389648438,16360600
2023-12-07,137.95431518554688,138.4499969482422,140.0,136.22999572753906,136.60000610351562,38419400
2023-12-08,136.15078735351562,136.63999938964844,137.99000549316406,135.57000732421875,135.66000366210938,22990900
2023-12-11,134.21774291992188,134.6999969482422,134.7899932861328,132.88999938964844,133.82000732421875,24502900
2023-12-12,133.16152954101562,133.63999938964844,134.5399932861328,132.8300018310547,133.27000427246094,26584000
2023-12-13,133.4903564453125,133.97000122070312,134.77999877929688,132.9499969482422,134.5449981689453,25414500
2023-12-14,132.72311401367188,133.1999969482422,135.03500366210938,131.05999755859375,134.77000427246094,29619100
2023-12-15,133.36082458496094,133.83999633789062,134.8300018310547,132.6300048828125,132.9199981689453,58569400
2023-12-18,136.69882202148438,137.19000244140625,138.3800048828125,133.77000427246094,133.86000061035156,25699800
2023-12-19,137.60557556152344,138.10000610351562,138.77000427246094,137.4499969482422,138.0,20661000
2023-12-20,139.15997314453125,139.66000366210938,143.0780029296875,139.41000366210938,140.3300018310547,33507300
2023-12-21,141.29232788085938,141.8000030517578,142.02999877929688,140.47300720214844,140.77000427246094,18101500
2023-12-22,142.2090301513672,142.72000122070312,143.25,142.05499267578125,142.1300048828125,18494700
2023-12-26,142.3086700439453,142.82000732421875,143.94500732421875,142.5,142.97999572753906,11170100
2023-12-27,140.93362426757812,141.44000244140625,143.32000732421875,141.05099487304688,142.8300018310547,17288400
2023-12-28,140.77418518066406,141.27999877929688,142.27000427246094,140.8280029296875,141.85000610351562,12192500
2023-12-29,140.42543029785156,140.92999267578125,141.43499755859375,139.89999389648438,140.67999267578125,14872700
2024-01-02,139.0603485107422,139.55999755859375,140.61500549316406,137.74000549316406,139.60000610351562,20071900
2024-01-03,139.85748291015625,140.36000061035156,141.08999633789062,138.42999267578125,138.60000610351562,18974300
2024-01-04,137.5457763671875,138.0399932861328,140.63499450683594,138.00999450683594,139.85000610351562,18253300
2024-01-05,136.8981170654297,137.38999938964844,138.80999755859375,136.85000610351562,138.3520050048828,15433200
2024-01-08,140.02687072753906,140.52999877929688,140.63999938964844,137.8800048828125,138.0,17645300
2024-01-09,142.0496063232422,142.55999755859375,142.8000030517578,139.7899932861328,140.05999755859375,19579700
2024-01-10,143.28517150878906,143.8000030517578,144.52499389648438,142.4600067138672,142.52000427246094,16641900
2024-01-11,143.15562438964844,143.6699981689453,146.66000366210938,142.21499633789062,144.89500427246094,17471100
2024-01-12,143.7235870361328,144.24000549316406,144.74000549316406,143.36000061035156,144.33999633789062,13995200
2024-01-16,143.5641632080078,144.0800018310547,145.83999633789062,143.05599975585938,143.42999267578125,19198900
2024-01-17,142.37841796875,142.88999938964844,143.41000366210938,140.50999450683594,142.91000366210938,17884500
2024-01-18,144.4709014892578,144.99000549316406,145.5850067138672,143.35000610351562,143.44000244140625,18876800
2024-01-19,147.4402313232422,147.97000122070312,148.0399932861328,145.8000030517578,146.30499267578125,27170900
2024-01-22,147.18116760253906,147.7100067138672,150.01499938964844,147.5800018310547,148.7100067138672,21829200
2024-01-23,148.14768981933594,148.67999267578125,148.86000061035156,147.19000244140625,147.72000122070312,14113600
2024-01-24,149.8117218017578,150.35000610351562,151.57000732421875,149.83999633789062,150.2899932861328,19245000
2024-01-25,153.08993530273438,153.63999938964844,154.75999450683594,151.22000122070312,151.74000549316406,21495100
2024-01-26,153.23939514160156,153.7899932861328,154.11000061035156,152.8000030517578,152.8699951171875,19494500
2024-01-29,154.28564453125,154.83999633789062,155.1999969482422,152.9199981689453,153.63999938964844,20909300
2024-01-30,152.50204467773438,153.0500030517578,155.0399932861328,152.77499389648438,154.00999450683594,26578900
2024-01-31,141.29232788085938,141.8000030517578,145.58999633789062,141.5500030517578,145.38999938964844,43908600
2024-02-01,142.19908142089844,142.7100067138672,144.6199951171875,142.25999450683594,143.69000244140625,25526900
2024-02-02,143.0260772705078,143.5399932861328,143.8800048828125,138.1699981689453,140.88999938964844,42116900
2024-02-05,144.41111755371094,144.92999267578125,146.6699981689453,143.91000366210938,144.0399932861328,29254400
2024-02-06,144.88938903808594,145.41000366210938,146.74000549316406,144.52000427246094,145.9600067138672,21517700
2024-02-07,146.1548309326172,146.67999267578125,147.0,145.2100067138672,146.1199951171875,21436100
2024-02-08,146.69290161132812,147.22000122070312,147.61000061035156,146.4199981689453,146.97000122070312,18241300
2024-02-09,149.6821746826172,150.22000122070312,150.69500732421875,147.42999267578125,147.9499969482422,21877700
2024-02-12,148.19752502441406,148.72999572753906,150.58999633789062,148.55999755859375,149.5399932861328,17236100
2024-02-13,145.84596252441406,146.3699951171875,148.0399932861328,145.11000061035156,146.07000732421875,18138500
2024-02-14,146.61318969726562,147.13999938964844,147.8300018310547,145.55499267578125,147.3699951171875,16651800
2024-02-15,143.42466735839844,143.94000244140625,144.75999450683594,141.8800048828125,144.4600067138672,26724300
2024-02-16,141.25245666503906,141.75999450683594,144.47999572753906,141.52000427246094,144.2100067138672,21849700
2024-02-20,141.69088745117188,142.1999969482422,143.32899475097656,140.8000030517578,140.94000244140625,18625600
2024-02-21,143.32501220703125,143.83999633789062,143.97999572753906,141.91000366210938,142.63999938964844,16499600
2024-02-22,144.7997283935547,145.32000732421875,146.1999969482422,144.00999450683594,146.1199951171875,23024700
2024-02-23,144.7698211669922,145.2899932861328,145.9550018310547,144.7899932861328,144.97000122070312,14519400
2024-02-26,138.25323486328125,138.75,143.83999633789062,138.74000549316406,143.4499969482422,33513000
2024-02-27,139.59841918945312,140.10000610351562,140.49000549316406,138.5,139.41000366210938,22364000
2024-02-28,136.93797302246094,137.42999267578125,139.27999877929688,136.63999938964844,139.10000610351562,30628700
2024-02-29,139.27955627441406,139.77999877929688,139.9499969482422,137.57000732421875,138.35000610351562,35485000
2024-03-01,137.5856475830078,138.0800018310547,140.0,137.97500610351562,139.61000061035156,28522000
2024-03-04,133.7195281982422,134.1999969482422,136.6300048828125,132.86000061035156,136.5399932861328,43571500
2024-03-05,133.301025390625,133.77999877929688,134.02000427246094,131.5500030517578,132.74000549316406,28447600
2024-03-06,132.08538818359375,132.55999755859375,134.74000549316406,131.9499969482422,134.24000549316406,23175200
2024-03-07,134.7558135986328,135.24000549316406,135.82000732421875,132.66000366210938,133.88999938964844,24107300
2024-03-08,135.80203247070312,136.2899932861328,138.98500061035156,134.8000030517578,135.03500366210938,26472400
2024-03-11,138.44256591796875,138.94000244140625,139.97999572753906,137.07000732421875,137.07000732421875,22536400
2024-03-12,139.1201171875,139.6199951171875,140.27999877929688,138.2100067138672,138.25,19019700
2024-03-13,140.26602172851562,140.77000427246094,142.19000244140625,140.00999450683594,140.05999755859375,19637000
2024-03-14,143.82322692871094,144.33999633789062,144.72999572753906,141.48500061035156,142.3000030517578,36117900
2024-03-15,141.66099548339844,142.1699981689453,144.33999633789062,141.1300048828125,143.41000366210938,41025900
2024-03-18,147.94839477539062,148.47999572753906,152.92999267578125,148.13999938964844,149.3699951171875,47676700
2024-03-19,147.39041137695312,147.9199981689453,149.6199951171875,147.00999450683594,148.97999572753906,17748400
2024-03-20,149.14410400390625,149.67999267578125,149.75999450683594,147.6649932861328,148.7899932861328,17730000
2024-03-21,148.20748901367188,148.74000549316406,151.30499267578125,148.00999450683594,150.32000732421875,19843900
2024-03-22,151.22662353515625,151.77000427246094,152.55999755859375,150.08999633789062,150.24000549316406,19226300
2024-03-25,150.6088409423828,151.14999389648438,151.45599365234375,148.8000030517578,150.9499969482422,15114700
2024-03-26,151.15689086914062,151.6999969482422,153.1999969482422,151.02999877929688,151.24000549316406,19312700
2024-03-27,151.39602661132812,151.94000244140625,152.69000244140625,150.1300048828125,152.14500427246094,16622000
2024-03-28,151.71487426757812,152.25999450683594,152.6699981689453,151.3300018310547,152.0,21105600
2024-04-01,155.939697265625,156.5,157.0,151.64999389648438,151.8300018310547,24469800
2024-04-02,155.31195068359375,155.8699951171875,155.99000549316406,153.4600067138672,154.75,17598100
2024-04-03,155.81016540527344,156.3699951171875,156.5500030517578,154.1320037841797,154.9199981689453,17266200
2024-04-04,151.39602661132812,151.94000244140625,156.17999267578125,151.8800048828125,155.0800018310547,24184800
2024-04-05,153.3888702392578,153.94000244140625,154.83999633789062,151.08099365234375,151.67999267578125,16289800
2024-04-08,155.58099365234375,156.13999938964844,156.65499877929688,153.99000549316406,154.01499938964844,16641500
2024-04-09,157.57382202148438,158.13999938964844,159.88999938964844,156.63999938964844,157.35000610351562,21538100
2024-04-10,157.09555053710938,157.66000366210938,158.16000366210938,156.1999969482422,157.8800048828125,16339200
2024-04-11,160.21432495117188,160.7899932861328,161.1199951171875,157.92999267578125,158.33999633789062,17841700
2024-04-12,158.6200714111328,159.19000244140625,161.6999969482422,158.60000610351562,159.40499877929688,16968200
2024-04-15,155.7703094482422,156.3300018310547,160.8300018310547,156.14999389648438,160.27999877929688,21140900
2024-04-16,155.4414825439453,156.0,157.22999572753906,155.0500030517578,155.63999938964844,15413200
2024-04-17,156.31834411621094,156.8800048828125,158.68099975585938,156.13499450683594,157.19000244140625,16237800
2024-04-18,156.89625549316406,157.4600067138672,158.48500061035156,156.2100067138672,156.9250030517578,14016100
2024-04-19,155.16249084472656,155.72000122070312,157.99000549316406,153.91000366210938,157.75,20063900
2024-04-22,157.38449096679688,157.9499969482422,159.18499755859375,155.66000366210938,156.00999450683594,17243900
2024-04-23,159.3474578857422,159.9199981689453,160.47999572753906,157.96499633789062,158.58999633789062,16115400
2024-04-24,160.52322387695312,161.10000610351562,161.38999938964844,158.82000732421875,159.08999633789062,19485700
2024-04-25,157.38449096679688,157.9499969482422,158.27999877929688,152.76800537109375,153.36000061035156,36197800
2024-04-26,173.06814575195312,173.69000244140625,176.4199981689453,171.39999389648438,175.99000549316406,56500800
2024-04-29,167.2988739013672,167.89999389648438,171.3800048828125,167.05999755859375,170.77000427246094,35914600
2024-04-30,164.05055236816406,164.63999938964844,169.8699951171875,164.5,167.3800048828125,29420800
2024-05-01,164.9772186279297,165.57000732421875,168.80999755859375,164.89999389648438,166.17999267578125,25223200
2024-05-02,167.8568878173828,168.4600067138672,168.52999877929688,165.69000244140625,166.6699981689453,17041100
2024-05-03,168.38499450683594,168.99000549316406,169.85000610351562,164.97999572753906,169.5399932861328,22767100
2024-05-06,169.2219696044922,169.8300018310547,169.89999389648438,167.88999938964844,169.22000122070312,15147900
2024-05-07,172.36068725585938,172.97999572753906,173.47000122070312,170.0,170.1199951171875,21102400
2024-05-08,170.54721069335938,171.16000366210938,171.90899658203125,170.52200317382812,170.75,14569900
2024-05-09,170.96571350097656,171.5800018310547,172.44000244140625,169.92999267578125,171.14999389648438,11937700
2024-05-10,169.68031311035156,170.2899932861328,171.33999633789062,167.91000366210938,169.69000244140625,18740500
2024-05-13,170.2881317138672,170.89999389648438,170.9499969482422,165.75999450683594,165.8470001220703,19648600
2024-05-14,171.314453125,171.92999267578125,172.77999877929688,170.4199981689453,171.58999633789062,18729500
2024-05-15,173.25746154785156,173.8800048828125,174.04600524902344,172.02999877929688,172.3000030517578,20958200
2024-05-16,174.80191040039062,175.42999267578125,176.33999633789062,174.0500030517578,174.60000610351562,17247300
2024-05-17,176.65525817871094,177.2899932861328,177.4949951171875,174.97999572753906,175.5500030517578,16546400
2024-05-20,177.82107543945312,178.4600067138672,179.9499969482422,177.22500610351562,177.30999755859375,17495100
2024-05-21,178.89720153808594,179.5399932861328,179.82000732421875,177.30999755859375,178.39999389648438,14706000
2024-05-22,177.3627166748047,178.0,178.8520050048828,176.77999877929688,178.39999389648438,16189400
2024-05-23,174.43324279785156,175.05999755859375,179.91000366210938,174.5399932861328,178.77999877929688,14928400
2024-05-24,175.69869995117188,176.3300018310547,177.3040008544922,175.1999969482422,176.52000427246094,11400600
2024-05-28,177.38265991210938,178.02000427246094,178.50999450683594,175.67999267578125,175.74000549316406,15655300
2024-05-29,176.76486206054688,177.39999389648438,178.22999572753906,176.25999450683594,176.80999755859375,15023800
2024-05-30,172.93861389160156,173.55999755859375,176.69000244140625,173.22999572753906,176.69000244140625,18844000
2024-05-31,173.33717346191406,173.9600067138672,174.4199981689453,170.97000122070312,173.39999389648438,28085200
2024-06-03,173.7955322265625,174.4199981689453,175.86000061035156,172.4499969482422,173.8800048828125,20742800
2024-06-04,174.5030059814453,175.1300048828125,175.19000244140625,173.22000122070312,174.4499969482422,14066600
2024-06-05,176.43606567382812,177.07000732421875,177.97000122070312,175.2899932861328,176.53500366210938,15233900
2024-06-06,177.71145629882812,178.35000610351562,178.7100067138672,177.2100067138672,177.42999267578125,14255800
2024-06-07,175.32005310058594,175.9499969482422,179.4199981689453,175.7899932861328,178.4600067138672,14716300
2024-06-10,176.19790649414062,176.6300048828125,178.47000122070312,174.3800048828125,176.4499969482422,17122200
2024-06-11,177.75408935546875,178.19000244140625,178.38999938964844,175.44000244140625,177.72000122070312,14402400
2024-06-12,179.1207275390625,179.55999755859375,182.0800018310547,177.77999877929688,179.75,18600400
2024-06-13,176.30764770507812,176.74000549316406,178.50999450683594,176.66000366210938,177.83999633789062,15956900
2024-06-14,177.9336395263672,178.3699951171875,178.72999572753906,175.8520050048828,175.8520050048828,12361600
2024-06-17,178.34263610839844,178.77999877929688,179.9199981689453,176.49000549316406,176.97999572753906,15272900
2024-06-18,176.01834106445312,176.4499969482422,178.91000366210938,175.6199951171875,178.7899932861328,15640300
2024-06-20,177.2752685546875,177.7100067138672,178.74000549316406,176.4600067138672,176.7100067138672,16753200
2024-06-21,179.81900024414062,180.25999450683594,182.51199340820312,178.05999755859375,178.49000549316406,59728000
2024-06-24,180.34771728515625,180.7899932861328,182.0800018310547,180.22999572753906,181.27999877929688,18198300
2024-06-25,185.12600708007812,185.5800018310547,185.75,181.10499572753906,181.14500427246094,18917700
2024-06-26,184.91650390625,185.3699951171875,185.92999267578125,183.99000549316406,184.1999969482422,13375700
2024-06-27,186.4028778076172,186.86000061035156,187.5,185.4499969482422,185.64500427246094,13025700
2024-06-28,182.97128295898438,183.4199981689453,186.5800018310547,183.3249969482422,185.72000122070312,23032400
2024-07-01,184.03868103027344,184.49000549316406,185.33999633789062,182.72999572753906,184.47999572753906,11815900
2024-07-02,186.1534881591797,186.61000061035156,186.9499969482422,183.05999755859375,183.47000122070312,12555500
2024-07-03,186.93157958984375,187.38999938964844,187.6199951171875,185.38499450683594,186.3000030517578,7409100
2024-07-05,191.4904022216797,191.9600067138672,192.25999450683594,187.32000732421875,187.32000732421875,14303400
2024-07-08,190.01400756835938,190.47999572753906,191.6790008544922,189.32000732421875,191.36500549316406,12097600
2024-07-09,189.97410583496094,190.44000244140625,192.86000061035156,190.22999572753906,191.75,10198500
2024-07-10,192.18869018554688,192.66000366210938,193.30999755859375,190.6199951171875,190.75,12052900
2024-07-11,186.841796875,187.3000030517578,192.41000366210938,186.82000732421875,191.33999633789062,16452000
2024-07-12,186.3230743408203,186.77999877929688,188.69000244140625,186.13999938964844,186.9199981689453,14449100
2024-07-15,187.7296142578125,188.19000244140625,189.89999389648438,186.49000549316406,186.49000549316406,12186000
2024-07-16,185.04620361328125,185.5,190.33999633789062,185.1199951171875,188.9600067138672,12760100
2024-07-17,182.17323303222656,182.6199951171875,185.22999572753906,181.6199951171875,184.67999267578125,17376600
2024-07-18,178.7815704345703,179.22000122070312,184.0500030517578,178.2100067138672,183.5399932861328,17877200
2024-07-19,178.95114135742188,179.38999938964844,181.97000122070312,178.86000061035156,180.3699951171875,14485900
2024-07-22,182.90145874023438,183.35000610351562,184.3000030517578,181.89999389648438,182.35000610351562,16303900
2024-07-23,183.15086364746094,183.60000610351562,185.22000122070312,183.3300018310547,183.83999633789062,23772600
2024-07-24,173.94342041015625,174.3699951171875,177.9499969482422,173.57000732421875,175.38999938964844,31250700
2024-07-25,168.74618530273438,169.16000366210938,175.1999969482422,169.0500030517578,174.25,28967900
2024-07-26,168.267333984375,168.67999267578125,169.83999633789062,165.86500549316406,168.77000427246094,25150100
2024-07-29,170.71136474609375,171.1300048828125,172.16000366210938,169.72000122070312,170.5,13768900
2024-07-30,171.43955993652344,171.86000061035156,172.9499969482422,170.1199951171875,171.8300018310547,13681400
2024-07-31,172.72640991210938,173.14999389648438,175.91000366210938,171.72000122070312,174.9199981689453,15650200
2024-08-01,172.0281219482422,172.4499969482422,175.67999267578125,170.50999450683594,171.97999572753906,17177800
2024-08-02,167.98802185058594,168.39999389648438,170.2100067138672,166.38999938964844,168.19000244140625,18907800
2024-08-05,160.2470245361328,160.63999938964844,165.94000244140625,156.60000610351562,157.3699951171875,34907800
2024-08-06,160.14724731445312,160.5399932861328,162.35000610351562,158.1300048828125,160.94500732421875,36146500
2024-08-07,160.3567352294922,160.75,164.7899932861328,160.24000549316406,163.24000549316406,19334200
2024-08-08,163.43917846679688,163.83999633789062,165.5,162.02999877929688,162.343994140625,15733600
2024-08-09,164.9853973388672,165.38999938964844,165.52000427246094,160.92999267578125,161.64500427246094,13549200
2024-08-12,163.54891967773438,163.9499969482422,166.6999969482422,163.5500030517578,165.9949951171875,12435000
2024-08-13,165.52406311035156,165.92999267578125,166.5399932861328,164.77000427246094,165.18499755859375,12717600
2024-08-14,161.6336212158203,162.02999877929688,164.9600067138672,159.52999877929688,164.2100067138672,22515900
2024-08-15,162.7708282470703,163.1699981689453,163.52000427246094,161.49000549316406,162.2100067138672,18392500
2024-08-16,164.33700561523438,164.74000549316406,166.9499969482422,163.0800018310547,163.41000366210938,16853100
2024-08-19,167.98802185058594,168.39999389648438,168.47000122070312,166.08999633789062,167.0,13100800
2024-08-20,168.5466766357422,168.9600067138672,170.41000366210938,168.66000366210938,168.74000549316406,12622500
2024-08-21,167.2199249267578,167.6300048828125,168.63999938964844,166.57000732421875,166.99000549316406,15269600
2024-08-22,165.0851593017578,165.49000549316406,169.4199981689453,165.02999877929688,169.0399932861328,19123800
2024-08-23,167.02040100097656,167.42999267578125,167.9499969482422,165.66000366210938,166.5500030517578,14281600
2024-08-26,167.51918029785156,167.92999267578125,169.3800048828125,166.32000732421875,168.15499877929688,11990300
2024-08-27,165.9729766845703,166.3800048828125,168.2449951171875,166.16000366210938,167.61000061035156,13718200
2024-08-28,164.09756469726562,164.5,167.38999938964844,163.27999877929688,166.77999877929688,15208700
2024-08-29,163.00025939941406,163.39999389648438,167.6300048828125,161.98199462890625,166.05999755859375,17133800
2024-08-30,164.70608520507812,165.11000061035156,165.27999877929688,163.41000366210938,164.22000122070312,18498800
2024-09-03,158.22198486328125,158.61000061035156,163.3800048828125,157.85499572753906,163.31500244140625,26533100
2024-09-04,157.4239501953125,157.80999755859375,160.39999389648438,157.44000244140625,158.0749969482422,17410700
2024-09-05,158.21202087402344,158.60000610351562,161.01499938964844,157.52000427246094,157.77999877929688,14139500
2024-09-06,151.75784301757812,152.1300048828125,159.22000122070312,151.93499755859375,158.69000244140625,24999100
2024-09-09,149.3705291748047,149.5399932861328,154.63999938964844,148.1999969482422,153.6300048828125,28057700
2024-09-10,149.83999633789062,150.00999450683594,152.3000030517578,149.54299926757812,151.4499969482422,20401800
2024-09-11,151.97756958007812,152.14999389648438,152.47999572753906,148.6999969482422,151.08999633789062,18991500
2024-09-12,155.36373901367188,155.5399932861328,155.61000061035156,153.5,154.80999755859375,21024100
2024-09-13,158.19053649902344,158.3699951171875,159.27499389648438,156.11000061035156,156.36199951171875,16733900
2024-09-16,158.80984497070312,158.99000549316406,159.24000549316406,157.61000061035156,158.3300018310547,14157600
2024-09-17,160.09837341308594,160.27999877929688,161.58999633789062,159.41000366210938,160.08999633789062,12064800
2024-09-18,160.6277618408203,160.80999755859375,161.6300048828125,159.66000366210938,160.85000610351562,16756500
2024-09-19,163.05502319335938,163.24000549316406,164.99000549316406,162.52200317382812,164.82000732421875,17548200
2024-09-20,164.45343017578125,164.63999938964844,164.75,163.17999267578125,164.52000427246094,46362700
2024-09-23,162.88522338867188,163.07000732421875,166.61000061035156,162.9499969482422,165.33999633789062,15648400
2024-09-24,163.45455932617188,163.63999938964844,164.5500030517578,162.02999877929688,164.25,18774100
2024-09-25,162.8052978515625,162.99000549316406,164.2169952392578,162.77499389648438,162.97000122070312,13607900
2024-09-26,163.64434814453125,163.8300018310547,165.5,163.5,165.02999877929688,18234500
2024-09-27,165.10269165039062,165.2899932861328,166.97000122070312,163.8300018310547,163.91000366210938,13604300
2024-09-30,167.00054931640625,167.19000244140625,167.36000061035156,164.63999938964844,164.77999877929688,14070100
2024-10-01,168.22914123535156,168.4199981689453,170.44000244140625,165.89999389648438,168.86000061035156,18629500
2024-10-02,167.1204071044922,167.30999755859375,168.8800048828125,166.25,167.75999450683594,12745000
2024-10-03,167.02052307128906,167.2100067138672,167.91000366210938,165.3699951171875,165.82000732421875,11004300
2024-10-04,168.36898803710938,168.55999755859375,169.5500030517578,166.9600067138672,169.33999633789062,11422100
2024-10-07,164.20370483398438,164.38999938964844,169.89999389648438,164.1300048828125,169.13999938964844,14034700
2024-10-08,165.51222229003906,165.6999969482422,166.10000610351562,164.30999755859375,165.42999267578125,11723900
2024-10-09,162.87521362304688,163.05999755859375,166.25999450683594,161.1199951171875,164.85499572753906,19666400
2024-10-10,162.9950714111328,163.17999267578125,164.31100463867188,161.63999938964844,162.11000061035156,12900500
2024-10-11,164.3335723876953,164.52000427246094,165.27000427246094,162.5,163.3300018310547,10946000
2024-10-14,166.1614990234375,166.35000610351562,167.6199951171875,164.77999877929688,164.91000366210938,9981800
2024-10-15,166.7108612060547,166.89999389648438,169.08999633789062,166.0500030517578,167.13999938964844,14829300
2024-10-16,166.55105590820312,166.74000549316406,167.27999877929688,165.21600341796875,166.02999877929688,9968500
2024-10-17,164.32357788085938,164.50999450683594,167.92999267578125,164.3699951171875,167.3800048828125,15113400
2024-10-18,164.8629608154297,165.0500030517578,166.3699951171875,164.75,164.8699951171875,13091300
2024-10-21,165.61212158203125,165.8000030517578,166.22000122070312,164.30499267578125,164.5800018310547,11384000
2024-10-22,166.63096618652344,166.82000732421875,167.47000122070312,164.6699981689453,164.6999969482422,11958600
2024-10-23,164.29360961914062,164.47999572753906,167.60000610351562,163.63299560546875,166.42999267578125,12754300
2024-10-24,164.3435516357422,164.52999877929688,165.0500030517578,162.77000427246094,164.58999633789062,12764400
2024-10-25,166.80076599121094,166.99000549316406,167.39999389648438,165.22999572753906,165.36500549316406,14566400
2024-10-28,168.14923095703125,168.33999633789062,170.6060028076172,165.7899932861328,170.58999633789062,20858300
2024-10-29,170.94606018066406,171.13999938964844,171.86000061035156,168.66000366210938,169.38499450683594,28916100
2024-10-30,175.94039916992188,176.13999938964844,183.7899932861328,175.7449951171875,182.41000366210938,49698300
2024-10-31,172.4943084716797,172.69000244140625,178.4199981689453,172.55999755859375,174.72000122070312,32801900
2024-11-01,172.454345703125,172.64999389648438,173.82000732421875,170.30999755859375,171.5399932861328,21752900
2024-11-04,170.486572265625,170.67999267578125,171.9199981689453,169.48500061035156,171.24000549316406,16194000
2024-11-05,171.21575927734375,171.41000366210938,172.0970001220703,170.3699951171875,170.8300018310547,12518300
2024-11-06,178.12791442871094,178.3300018310547,178.63999938964844,175.0399932861328,175.35000610351562,27061500
2024-11-07,182.0734405517578,182.27999877929688,182.5800018310547,178.88999938964844,179.11000061035156,16730400
2024-11-08,179.65618896484375,179.86000061035156,182.35000610351562,179.57000732421875,182.0,15021500
2024-11-11,181.7637939453125,181.97000122070312,182.0850067138672,179.99000549316406,180.07000732421875,12503400
2024-11-12,183.11227416992188,183.32000732421875,184.02499389648438,180.99000549316406,181.3800048828125,14065800
2024-11-13,180.2854766845703,180.49000549316406,182.61500549316406,180.1199951171875,182.14999389648438,13969700
2024-11-14,177.14903259277344,177.35000610351562,180.44500732421875,176.02999877929688,179.75,17925800
2024-11-15,173.6929473876953,173.88999938964844,175.8800048828125,172.7449951171875,175.63999938964844,21708900
2024-11-18,176.5996551513672,176.8000030517578,176.91000366210938,174.4199981689453,174.9550018310547,18725400
2024-11-19,179.37649536132812,179.5800018310547,180.1699981689453,175.11599731445312,175.23500061035156,15392900
2024-11-20,177.12904357910156,177.3300018310547,179.11000061035156,175.3300018310547,178.8300018310547,15729800
2024-11-21,169.0482177734375,169.24000549316406,175.5800018310547,165.30999755859375,175.4550018310547,38839400
2024-11-22,166.38125610351562,166.57000732421875,168.26499938964844,165.7100067138672,167.16000366210938,24497000
2024-11-25,169.2379913330078,169.42999267578125,170.4600067138672,167.39999389648438,167.99000549316406,21395700
2024-11-26,170.42665100097656,170.6199951171875,171.4949951171875,169.42999267578125,169.49000549316406,14937500
2024-11-27,170.62643432617188,170.82000732421875,171.13999938964844,169.6699981689453,170.67999267578125,12433400
2024-11-29,170.2967987060547,170.49000549316406,170.8699951171875,168.75,170.05999755859375,9250700
2024-12-02,172.7839813232422,172.97999572753906,173.60000610351562,170.27000427246094,170.32000732421875,16593400
2024-12-03,172.82394409179688,173.02000427246094,174.32000732421875,172.50999450683594,173.1199951171875,15721500
2024-12-04,175.8904571533203,176.08999633789062,176.42999267578125,172.75,172.77999877929688,18239800
2024-12-05,174.1124725341797,174.30999755859375,177.7100067138672,174.00999450683594,177.32000732421875,16145500
2024-12-06,176.29000854492188,176.49000549316406,176.83900451660156,173.5500030517578,173.8800048828125,13319500
2024-12-09,177.10000610351562,177.10000610351562,178.0399932861328,175.39999389648438,175.71499633789062,19887800
2024-12-10,186.52999877929688,186.52999877929688,188.02999877929688,182.6699981689453,184.53500366210938,34317400
2024-12-11,196.7100067138672,196.7100067138672,196.88999938964844,186.25999450683594,186.6999969482422,41664500
2024-12-12,193.6300048828125,193.6300048828125,196.7050018310547,193.27999877929688,196.3000030517578,25197800
2024-12-13,191.3800048828125,191.3800048828125,194.33999633789062,191.25999450683594,192.7100067138672,18883200
2024-12-16,198.16000366210938,198.16000366210938,200.63999938964844,194.11000061035156,194.36500549316406,32248600
2024-12-17,197.1199951171875,197.1199951171875,202.8800048828125,196.69000244140625,198.52999877929688,24129500
2024-12-18,190.14999389648438,190.14999389648438,198.69000244140625,189.27999877929688,196.8300018310547,27638400
2024-12-19,189.6999969482422,189.6999969482422,194.60000610351562,189.52000427246094,193.27999877929688,26981200
2024-12-20,192.9600067138672,192.9600067138672,194.13499450683594,186.3699951171875,187.00999450683594,45319700
2024-12-23,195.99000549316406,195.99000549316406,196.49000549316406,191.6300048828125,194.02999877929688,15235900
2024-12-24,197.57000732421875,197.57000732421875,197.6699981689453,195.197998046875,196.1699981689453,6809800
2024-12-26,197.10000610351562,197.10000610351562,198.16000366210938,195.8699951171875,196.74000549316406,7907900
2024-12-27,194.0399932861328,194.0399932861328,196.8000030517578,191.9720001220703,196.47000122070312,14693000
2024-12-30,192.69000244140625,192.69000244140625,193.77999877929688,190.36000061035156,190.86500549316406,12209500
